,No Lemm,Lemm
2999,lang,lang
1786,paris,partie
1434,london,lorimier
389,cest,cheap
2659,toronto,tour eiffel
2979,ça,ça
1931,plus,pointless
2383,si,simplement
2680,tout,traffic
1617,montreal,multiple
1259,jai,javais
2073,quand,quelque chose
2998,être,être
1461,love,magasin
182,aussi,away
892,faire,fallait
2730,ttc,two people
897,fait,family doctor
1292,juste,keep use
1071,government,grant
1640,métro,necessarily
1876,peu,picture
1609,monde,move upvoting
1603,moins,moral
255,bien,bloquant porte tout
820,english,entire
226,beaucoup,best friend
2723,très,tunnel
2808,vers,vi
707,donc,dont remember
2848,vraiment,vélo
1669,new,nimporte
284,bon,bref
483,comme,compare
974,ford,fout
1543,mec,mess
548,contre,cost living
993,french,fuel
1768,où,paris still
197,avant,banlieue
2674,tous,tout monde
624,dating,definitely
2852,vu,wait
203,avoir,beaucoup
1030,gens,get good
1504,mal,marque
1387,ligne,line
2274,sais,sarrête
2280,sans,sauf si
957,flat,football
613,cétait,day
2711,trouve,trust
2713,trouver,très
1390,like,lintersection
81,alors,annoy
716,dont like,downtown toronto
2715,truc,très ba
1867,personne,photo
2200,rer,response
1744,ontario,oublié
912,faut,feed
669,deux,digital
2086,quelques,quitter
1445,look,lovely
1840,people,permanente
1729,one,ontario
2528,subreddit,suivant
166,assez,automobilistes
270,bit,bot
2839,voir,voyage
48,action performed,allée
49,action performed automatically,almost
132,appreciate posted,asap
133,appreciate posted upvote,asian
188,automatically please,back waterloo
189,automatically please contact,bad
253,best way control,bloquant
294,bot,broken
295,bot action,brossard
296,bot action performed,brother
538,contact moderators,convoy
539,contact moderators subredditmessagecomposetorlondon,cook
551,control see,could also
552,control see feed,could double
717,dont like downvote,downvote
733,downvote,driver
734,downvote move,droite
735,downvote move upvoting,drug
736,downvoting,drunk
737,downvoting images,dry
738,downvoting images best,dual
924,feed gets,fils
925,feed gets top,fin
1044,gets top,give information
1045,gets top subreddit,global
1186,image appreciate,impact
1187,image appreciate posted,implement
1189,images best,importe
1190,images best way,impossible
1391,like downvote,list
1392,like downvote move,listen
1393,like image,lit
1394,like image appreciate,literally
1462,love dont,mail
1463,love dont like,main
1600,moderators,montreuil
1601,moderators subredditmessagecomposetorlondon,montréal
1602,moderators subredditmessagecomposetorlondon questions,mood
1626,move upvoting,métros
1627,move upvoting downvoting,na rien
1853,performed,peter
1854,performed automatically,petit
1855,performed automatically please,petite
1926,please contact moderators,poche
1973,posted upvote,preference
1974,posted upvote show,premier
2093,questions concerns,racism
2175,reminder like,renovate
2176,reminder like image,rent
2320,see feed,seem like
2321,see feed gets,seine
2380,show love,sil
2381,show love dont,sils
2529,subreddit bot,suivre
2530,subreddit bot action,sujet
2531,subredditmessagecomposetorlondon,summer
2532,subredditmessagecomposetorlondon questions,super
2533,subredditmessagecomposetorlondon questions concerns,supermarket
2655,top subreddit,touche
2656,top subreddit bot,toujours
2776,upvote,upvoting downvoting
2777,upvote show,upvoting downvoting image
2778,upvote show love,urge
2779,upvotedownvote,us
2780,upvotedownvote reminder,usage
2781,upvotedownvote reminder like,use
2782,upvoting,use go
2783,upvoting downvoting,use live
2784,upvoting downvoting images,usual
2881,way control,week
2882,way control see,week ago
614,côté,dead
2255,rue,rénovation
1996,prendre,pris
1264,jamais,jeter
834,entre,estce
1781,parce,part job
443,city,climb
2663,toujours,tourner
1072,grand,gratuit
351,canada,cause
1029,genre,get drunk
816,enfin,ensemble
2597,tellement,theater
2818,vie,vieux
989,france,friend family
137,après,assessment
109,another,apps
110,ans,après
1927,plein,pognés
765,déjà,early
379,cela,champ mar
2126,rather,really dont
2598,temps,theft
2174,reminder,rendus
2024,problème,properly
1899,pire,placer
1813,passe,peer
1877,peut,picture want
2401,sinon,smoke
2624,thing,tie
1836,pendant,perform automatically
2075,quartier,quelques années
1470,luck,majority
1621,montréal,must
2066,put,quebec
1873,petits,picked
962,fois,ford office
1868,personnes,physical
2097,quil,raise
2738,two,uber
85,also,answer
1696,nord,obviously
656,depuis,development
2020,prix,promise
1660,needs,next
2793,va,value
1268,javais,jewish
2870,want,waste money
436,chose,cleaning
2370,shoppers,show love dont
554,conversation,could get
2069,quai,quel point
1241,intersection,issue
388,certains,chauffage
982,fort,french
645,dehors,descend
491,commentaires,compliqué
2521,students,subway system
2162,regarde,relocate
2449,souvent,specialist
2840,vois,vrai
288,bonne,brit
1022,gare,gestion
2924,women,wont anything
695,doctor,donc ça
746,driving,dur
1572,mettre,minority
2665,tour,tourner gauche
193,autre,bakery
2942,would,would nice
187,automatically,back
1756,others,palestine
1689,non,nowhere
1239,international students,isnt
2564,surtout,take hour
2880,way,website
1308,know,laisse
307,bref,burger
569,could,courir
1566,met,mindful
686,dire,doesnt matter
2975,youre,young
1061,good luck,good luck french
2689,traffic,transport
2011,prices,processing
2259,run,sachant
1971,post,pratique
2310,sdf,secret
2586,tard,tendance
1952,political,possibilité
1085,ground,gta
368,cas,cest très
1051,given,go date
2394,sils,sièges
2682,tout monde,trajet
1034,get,get lot
43,acheter,alcoolisé
129,appointment,art
1880,peutêtre,pilot
1188,images,implies
488,commence,completely
1513,many,max
2709,trop,trucs
906,family doctor,favorite
2138,really,red
1136,heures,hinge
2570,sympa,target
871,exemple,exploit
195,autres,bande
516,concerns,consume
931,femme,finger
298,bought,brûler
1882,peux,pipe
1165,house,id
1708,ny,often
252,best way,blood
2023,problem,proper
2536,subway,sure
2229,rien,risque
1295,jy,kid
837,envie,eta
550,control,could
1789,parisien,partner hinge
2101,quon,rame bondée
1252,issues,jai vu
861,everywhere,example house
2116,ramq,reading
1870,petit,pi
1185,image,imo
808,encore,england
795,eiffel,emsb
1476,là,make feel
271,black,bot action
146,around,attempt
2494,still,strange
338,buy,carrefour
209,back,become
2078,quebec,question
108,années,approach
2939,worse,would make
1224,infrastructure,interest
344,call,casque
2445,sous,speak language
2431,someone,sound like
1425,loblaws,longterm
2318,security,seeker
990,franchement,fry
980,former,français
2626,things,till
2847,vrai,véhicule
254,better,bloquant porte
2077,quatre,quelquun
2957,ya,year dont
2089,quelquun,quun
2300,says,scooter
152,arrivé,attraction
1643,na,need call
1297,keep,kijiji
2423,sol,soon
1337,lately,laval
2787,used,va cest
71,allait,amount money
2579,tag,temp
597,crisis,cétait
753,dun,défense
1527,matin,meet someone
1048,girl,go anywhere
1799,parlent,passé
1312,knowing,land
2749,uk,unfortunate
1262,jaime,jen
2272,said,sans nom
2766,university,ups
2209,responsible,retail
2581,take,temperature
393,cest plus,chemins
1760,oui,panneau
2582,take pictures,température
1925,please contact,plutôt
598,crois,côté
452,claim,coat
390,cest juste,cheaper
1728,older,online date
391,cest peu,check
2044,province,puis
2136,realised,record
2103,québec,ramq public
1477,lève,make life
2602,tenants,theyve
300,bout,bug
1578,might,mixed
1178,ideal,image best
2161,regardant,religious
2440,sortir,spanish
1362,least,lhomme
2856,vélo,walk
1922,playing,plus être
2660,torontonians,tourist
1556,men,mieux
580,councillor,crisis
73,aller,américain
1938,plusieurs,ponts
346,calme,catch
1488,maintenant,malheureusement
821,english french,entitlement
1605,mois,mot
2104,race,random
2993,également,également
1370,less,life easy
474,coffee,commerce
1074,grandes,greenbelt
2843,vote,vraiment très agréable
1361,lease,lhistoire
509,completely,consequence
1920,plans,plus tard
2352,sest,sexually
2800,vas,verdure
1103,half,hard think
2328,seine,semble
2571,system,tax
1133,hes,highly recommend
1940,plutôt,poor
2894,went,whatever
1932,plus gros,police
648,demander,design
2114,rame,ratp
1024,gars,get appointment
398,cet,chicken sandwich
2135,realise,recommend
1315,lair,lane
1255,ive,jamais
2941,worth,would need
1489,mairie,man
1151,hold,hopefully
1755,original,palais
1553,members,middle street
2082,quelle,quick
1654,nearly,new
2185,rent,replacement
941,financial,flat
1272,jespère,join
1060,good,good luck
2128,ratp,really good
1413,little,logique
673,development,dis
1662,neighbour,next door
1110,hard,health
386,certaines,charger
954,fit,food go
1895,pictures,place cest
1577,mieux,mississauga
965,following,forget
1322,landlords,larrêt
120,apartment,around
1323,landmarks,last
1838,pense,perhaps
2813,veux,vie
2923,woman,wont
2070,quality,quelle
1972,posted,pray
1832,peace,per month
647,demande,described
446,citys,closely
1154,home,hour
177,attractive,avoid
250,best,block
2045,provinces,pump
1357,learn,less money
2896,west,whereas
2934,workers,would allow
1776,pandemic,parking lot
756,dune,déménager
1657,need,new year
335,busy,card
1946,pointe,porte lhomme
2932,worked,worthless
2004,pret,probablement
134,approach,aside
1237,international,involve
2549,sujet,svp
400,cette,chien
1247,involved,ive get
967,font,former
402,ceux,child
47,action,allow
2053,public transit,push
2669,touristes,tous métros
413,chaque,circle
2825,ville,visa
1233,insurance,investigate
381,cent,change
1849,per cent,personality
1019,garbage,genre
1424,loads,longtemps
272,black women,bot action perform
1665,never,nice visit
382,central,changer
1865,personality,philosophy
2230,right,road
630,day,demande
2822,vient,villes
1593,mis,money fight
1364,leave,lhomme sarrête place
2092,questions,rachel
162,ask,automatically
1058,going,good friend
1094,guy,habitant
260,bike,bond
1794,parking,passe
2502,stolen,strong
1163,hour,hydrant
156,article,aucune
365,cars,cest pire
46,act,aller
2795,vais,various
1249,isnt,jadore
178,aubervilliers,avoir
1827,pay,people move
1816,passer,pensais
2911,win,wine
2208,responsibility,result
1805,partie,patient
728,doug,dress
729,doug ford,drink
1684,niveau,north
668,dessus,différents
1080,greenbelt,ground new
2072,qualité,quelque
1587,minimum,moment
1884,phone,piss
2304,school,scène
277,blocks,bout
65,agréable,amaze
257,big,board
2798,valued,vendredi
263,bike paths,bonjour
1515,many times,mcdonald
312,brixton,buy
964,folk,forever
1701,noticed,odds
1423,lmao,longer
1506,malheureusement,match
2844,voted,vu
1170,housing crisis,ill
1753,organization,packed
225,beau,best
1928,pleine,pognés porte
1057,goes,good deal
2218,retail,ride
1916,plaindre,plus grand
1017,gangs,generally
2681,tout cas,trainer
2150,recommande,regardless
973,forcément,found
862,evicted,except
1592,minutes,money
1777,panneau,parlant
428,chien,civilian worker
709,donc ça,door
2854,vécu,wait time
898,faites,fan
2450,spa,specifically
588,cours,curry
1250,israel,jai
1917,plan,plus gros
1026,gauche,get bad
2859,wagon,wall
2254,rubbish,régulièrement
1278,jimagine,jours
2647,today,topic
2219,retour,ridicule
482,comfortable,compagnon
293,bord,broke ground new
2462,specialist,staffer
1105,hamas,hate
88,also need,anyone
201,avis,basically
2171,release,rendezvous
2632,though,timeline
826,enjoyment,envie
1443,longueuil,love dont
51,activity,alone
1431,loin,loop
2648,together,toronto
1896,pied,place get
2695,transit system,travers
534,construction,convention
153,arrondissement,attractive
1618,montrealers,mum
1632,much,native
1673,news,nom
458,classes,collectifs
285,bondé,brexit
219,banlieue,behind
2805,venir,veut
2758,unfortunate,university
1035,get appointment,get one
2088,quelques mois,quon
1363,leau,lhomme sarrête
316,broken,ca
1465,lovely,maintenance
1909,piétons,please contact
2469,sport,start
2746,tête,unaffordable
236,bed flat,bike
1294,justement,key
1521,markham,meat
562,corner,councillor
1283,jour,jusquau
1263,jaime beaucoup,jespère
880,experiences,factor
2720,try,ttc
2258,rules,sac
1493,majorité,manque
761,début,déteste
383,central london,chapeau
44,across,allait
981,formula,freeze
2821,viens,ville
2823,vieux,villette
432,chinois,clapham
2642,time day,tone
948,finit,fois
356,cant,central
1757,others said,palestinian
1090,gta,gym
1000,friend,funding
2056,puis,père
2756,understood,universal
1871,petite,pic
1088,groupe,guide
909,fasse,façon
1052,gives,go look
2607,terme,thing london
2180,rempli,renter
556,cook,could see
2595,techno,thanks
2842,vont,vraiment très
2418,sociale,someone want
424,chers,citywide
2966,yet,yesterday
1354,lead,legal
510,compliqué,conservative
206,aware,beaucoup monde
2437,soon,spa
2195,report,resident
514,concern,construit
1346,lautre,learn french
2051,pub,purposebuilt
2700,transports,troll
1108,happen,havent
2006,pretty,probably get
2901,whatsapp,whole street
725,dos,dramatic
1507,man,matelas
731,downtown,drive
2021,probablement,promote
1120,healthy,hello
2576,sûr,tel
927,feel like,find
2297,savoir,schedule
1547,meet,metro
764,défense,dû
992,français,fuck people
2022,probably,proof
2043,provide,publiques
2841,voit,vraiment
685,dimanche,doesnt care
276,block,boulangerie
2237,risque,rome
1518,marche,mean
2421,soir,sometimes
2990,ça va,ça va
2375,shortage,si va
2325,seems,selon
1284,journée,jusquà
2832,visiter,voie
485,comme si,compensation
2986,ça permet,ça permet
2487,statement,stock
1191,immeuble,impossible get
1429,lodeur,look
1664,nest,ni
2590,tas,terme
479,collègues,communication
2474,staff,status
2415,smoke,somehow
24,30s,advance
2873,wants,waterloo
2604,tendance,thin
1661,neighborhood,next day
2356,seule,sherbrooke
2712,trouve ça,try
2099,quitter,ramasser
2289,sauf,saw
785,economic,electric
1023,gare nord,get
1848,per,personal
2809,version,via
1460,loudly,mad
763,découvrir,dêtre
1307,kind,lair
1562,merci,milieu
2213,rester,revenue
2961,years,year met
286,bondée,bring
135,approaching,ask
1620,montreuil,music
1985,pouvaient,pressure
1746,ontario place,outside
1395,like many,litter
1624,move,métro
905,family,faute
2340,send,seoul
1083,gros,grow
1405,lining,lmao
2446,south,speak word
1612,money,mtl
2068,père,quel
1635,multiple,navigo
2197,request,resource
1790,parisiens,partout
1630,moyens,nail
1261,jai vu,jean
713,dont get,doug ford
2436,somewhere,souvent
2413,smart,solve
2453,spare,spend
2460,speaks,stack
2918,wise,within walk distance
2377,shoulders,si vois
2653,tools,total
512,comprends,construction
1824,paths,people know
2909,willing,window
1726,okay,ongoing
2685,tout ça,transit
311,brits,butt
723,dont want,dozen
2968,yeux,yet another
2031,project,province
810,endroit,english french
1466,loving,maintenant
1139,heureux,historique
353,canadians,cela
2263,région,sainsbury
2837,voici,vote
2995,études,études
633,deal,democracy
1046,getting,globalement
2692,trajet,traumatisme
742,drinking,dun
743,drive,dun coup
2893,well,weve
935,fight,first time
1693,nonprofit,ny queux
940,fin,flag
794,eglinton,empty
2584,talking,tenant
2468,spent,star
2306,schools,season
2603,tend,thief
524,connais,contract secret
1366,leaving,libanais
1653,near,never use
841,especially,even less
1101,habite,happen
1508,manage,matin
157,artistes,auprès
262,bike path,bondée
2694,transit,travel
1199,impact,increase price
97,amis,apologize
701,dog,dont like
704,doit,dont make
180,aucune,avoir passé porte
727,doubt,drapeau
1953,politicians,possiblement
827,enough,environment
2444,sound like,speak french
2034,projets,proximité
2980,ça cest,ça cest
603,currently,dangereux
599,crosstown,dacheter
453,claims,coffee
2865,walking around,want see
232,become,big
726,double,dramatically
1811,partout,peaceful
115,anything,area london
431,children,clamor
2969,yonge,yeux
741,drink,dump
2249,rose,run
1128,hello,hi
503,compensation,conduct
2903,whether,widely
1966,pose,poussé
2548,suivre,suspension
154,arrêter,aubervilliers
1987,pouvoir,pretend
712,dont,doug
2379,show,signale
1718,offer,one care
2118,random,real
240,begin,billion
2971,youd,york
2151,recommend,regardé
2238,road,roof
141,area,association
2393,sil,siècle
651,den,dessus
2831,visiblement,voici
2613,thats,though
2298,saw,school
2432,someone else,sous
2591,tax,terrible
192,autour,baisser
425,chez,cité
2027,produce,propre
2635,three,tip
1104,hall,harm
2637,tickets,together
815,enfants,enough
2547,suivant,suspend
923,feed,fill
333,business,capitalism
2888,weeks,well
682,difficile,doctor
2567,suspension,talk
375,caught,ceux
2869,walmart,waste
568,costs,couple
1872,petites,pick
466,clinic,comme dhabitude
1806,parties,patrick
1281,joke,july
2212,reste,rev
2807,verre,veux
2585,tant,tend
1863,person,peuvent
529,conservative,control
1004,fuck,game
2404,sitting,sociale
1248,island,ive look
2191,rentrer,rer
2879,waterloo,wear
2038,property,pub
2686,toute,transit system
1561,menu,mile
355,cannot,cent
2159,refuse,relevant
1686,noise,nothing
2309,scène,secondes
1483,made,make sure
1367,left,licence
511,comprendre,constant
732,downtown toronto,driven
470,closing,commence
2399,single,slow
724,door,drake
779,east,effort
2205,residents,rester
1751,options,p
1919,planning,plus sympa
640,dedans,dernier
1457,lots,lécole
844,estce,ever
703,dois,dont live
799,eligible,end day
1494,make,many
283,boat,break
2761,union,unreasonable
694,dit,donc moins
942,find,flee
1485,main,maker
2775,upstairs,upvoting
2716,trucks,très bon
1967,position,pouvaient
2799,various,venir
1615,month,much high
2141,really dont,refaire
2617,theres,three
2084,quelque,quil
95,american,apartment get
801,elsewhere,endroit sympa
2702,travail,trottoirs
1568,meter,minimum
1374,letting,like
1535,meal,men
2589,targets,term
2853,vue,wait list
542,continue,copine
155,art,aucun
454,clairement,coffee shop
174,attention,aveugle
2017,private,project
1924,please,plusieurs fois
667,despite,difficile
1570,metrolinx,minister
670,devait,dimanche
92,amazing,anywhere
1520,market,measure
2864,walking,want go
2178,remove,rent control apartment
2264,régulièrement,sais
1009,functional,garde
1415,live,loisir
1326,langue,last year
926,feel,financial
929,feels,find something
2734,turned,type
2149,recently,regarder
370,casque,cest ça
1271,jen,jo
809,end,english
1399,likely,live
2546,suite,suspect
2439,sortie,space public
745,drivers,dune
411,changes,church
1076,grands,grocery
2759,unfortunately,unless
1901,pissed,plan
2791,using,valid
666,desperate,different way
2719,trust,tt
1303,kids,know exactly
433,choice,class
573,could get,coverage
1372,let,ligne cest
1157,honestly,house every
2731,tube,two subway
2154,records,related
2981,ça doit,ça doit
125,appartement,arriver
2424,sold,soon possible
2335,semble,senior
2333,semaine,send
1512,manque,mavait
41,according,alberta
2699,transportation,trip
1087,group,gueule
292,boots,broke ground
2100,quoi,rame
2630,thinking,time walk
2032,projects,province move
891,fair,fall
2960,year,year love
1182,illegal,immédiatement
2574,sécurité,tbh
1426,local,longue
1767,owners,paris
2930,work,worry
1960,porte,potentially
80,along,announcement
2743,type,unable
1446,looked,low
2488,station,stockwell
1958,poor,pote
636,decide,density
2926,wonder,work
1147,hinge,honestly
2802,vegan,vers
2147,received,regardant
1606,moment,move
2457,speaking,squat
214,baisser,beer
1038,get good,get top
1169,housing,ignorance
83,already,années
2183,rendu,repair
622,dated,dedans
679,didnt,disgust
1001,friends,funny
423,cher,city world
1569,metro,minimum wage
1992,premier,price
520,condo,contemporary
1910,place,please contact moderator
672,devant,director
1296,jétais,kid french
1203,impossible,infestation
1496,make life,many time
1692,none,ny
2475,stage,stay
140,arbres,associate
1879,peut être,pieds
1866,personally,phone
309,bring,busy
2956,wwii,year day
881,express,fail
2362,shelf,shore
455,clamoring,coin
782,easy find,eiffel
874,existing,extreme
975,ford government,frais
1613,money fight,much
1298,keeping,kill
2884,wealthy,weight
2098,quils,raison
2741,two subway lines,ukrainian
1117,heading,heating
1228,instagram,interracially
2486,stated,still think
2376,shot,si veux
517,concluded,conséquence
427,chief,civilian
112,anybody,après avoir passé
1736,one small,order
2705,tree,trouver
1893,picking,place bloquant
2217,resulting,rid
1384,licence,likely
805,employment,enfin
76,allowing,anglo
2063,purposebuilt,quartier
2064,purposebuilt rentals,quartiers
2187,rentals,report
211,backed,bed flat
872,exhibits,express
374,catholic,cette semaine
445,city toronto,close
2770,unused,upvote show
2207,responded,restos
1319,lakeview,larchitecture
39,absolutely nothing,aiment
1246,investors,ive
2755,unaffordable,unit
1585,minds,moins pratique
1976,potential,première fois
546,contracts,correspondre
1047,getting people,go
1949,police,porte tout monde
1795,parking lot,passent
442,citizens,client
1021,gardiner,german
1473,lunch,make effort
2241,robinson,route
54,actually responsible,alot
2323,seem like,self
2036,proper,prévu
2198,requested,respect
1314,lad,landmark
2955,wtf,year ago
2737,twenty,tête
1778,panneaux,parle
537,conséquence,convince
1688,nombre,nouveaux
1604,moins pratique,mostly
1990,pratique,prevent
1070,gouvernement,grandes tour
1788,parisian,partner
1232,instructions,invest
1360,learned french,levée
1068,goths,grande
2459,speaking french,stability
2952,would wait,yall
2386,si vas,single
33,9am,ago
1801,part job,passé porte lhomme
969,food went,fort
116,anything serious,area safe
1936,plus vite,poll
1631,mtl,name
1173,huh,im gon
1273,jeter,joke
760,dès,désolé
1998,prendre tickets,prison
1234,insurance plan,investigation
2117,ramq public,ready
1679,nice visit,nonprofit
392,cest pire,chemin
444,city go,clinic
803,emotional,energy
2788,used go,va faire
237,bedbugs,bike lane
1900,pis,plaindre
395,cest très,chers
1306,killing,lad
2566,suspended,take place
2771,upbringing,upvote show love
2754,unacceptable,unique
2026,processing,proposal
1439,long terme,loud
1269,javoue,jewish community
2801,vas faire,verre
2983,ça dépend,ça dépend
1914,placer,plupart
2575,sérieusement,techno
936,filled,first time buyer
2534,subsidize,supply
2541,suffit,surprising
2985,ça pendant,ça pendant
2835,vivre,voit
158,artists,aussi
2441,soucis,spare
2231,right person,robe
1844,people london,permis
1703,nouveaux,offer
347,camden,category
1530,mauvaise,meilleure
480,colourful,commute
1148,hippies,honnêtement
1939,plusieurs fois,pool
1691,non seulement,number
1878,peut acheter,pied
2728,très fort,twenty minute
145,arguments,attack
499,compagnon,conclude
2973,youll fine,youll
20,2h,add
1584,mindful,moins
1144,highly recommend,hole
371,catch,cet
571,could double,court
772,déteste,economic
1933,plus loin,policy
1908,piéton,please
2351,servent,sex
2164,regards,reminder
360,care think,certaines personnes
2167,regulars,remote
1526,matelas,meet
308,brexit,business
1388,ligne 10,line ups
2925,women usually,word
190,automatiquement,bad people
2278,salles,sarrête tous pognés
57,ado,also get
1969,possiblement,pouvoir
2636,threw,today
1934,plus sympa,political
1081,greeting,group
1658,need call,newborn
1851,per year,personne
2857,vêtements,walk around
1336,late night,lavait
1062,good luck french,google
1471,luck french,majorité
2016,prison,program
835,entre deux,estimate
1416,live close,lol
1166,house building,idea
1171,housing market,illegal
749,dual,dès
464,cliché,comfortable
1378,lhistoire,like image appreciate
1804,particulièrement,path
1531,mavait,meilleurs
1994,première fois,principalement
1320,land,large amount
2074,quarter,quelques
1141,hi dont,hit
1787,paris still,partir
1345,laurent,learn
2471,st laurent,state
1238,international companies,island
985,fou,french though
2256,rues,réseau
139,après avoir passé,assez
204,avoir passé,beaucoup beaucoup
205,avoir passé porte,beaucoup commentaires
279,bloquant,branch
280,bloquant porte,brand
281,bloquant porte tout,brand new
660,derrière sarrête,dhabitude
661,derrière sarrête tous,diaper
1195,immédiatement,income
1196,immédiatement après,inconnus
1197,immédiatement après avoir,incorporate
1379,lhomme,like many
1380,lhomme sarrête,like shit
1381,lhomme sarrête place,like someone
1611,monde derrière sarrête,moyens
1820,passé porte,people also
1821,passé porte lhomme,people city
1911,place bloquant,plein
1912,place bloquant porte,pleine
1942,pognés,popular
1943,pognés porte,population
1944,pognés porte escaliers,porte
1961,porte escaliers,poubelle
1962,porte lhomme,pourquoi
1963,porte lhomme sarrête,pourrais
1964,porte tout,pourrait
1965,porte tout monde,pousse
2285,sarrête place,save
2286,sarrête place bloquant,savent
2287,sarrête tous,saving
2288,sarrête tous pognés,savoir
2678,tous pognés,toute
2679,tous pognés porte,toutes
2683,tout monde derrière,tram
2907,widely,wimbledon
2501,stockwell,strict
475,coin,committee
1575,midi,minute walk
86,also going,anybody
1522,mars,mec
896,faisable,family
2388,si vois,sinon
2658,tories,tour
2283,santé,sausage roll
2224,reçu,right privacy
1930,plupart,pointe
1020,garde,genuinely
2265,rénovation,sais si
564,cos,counter
2470,squat,start get
1486,maintain,mal
251,best friends,block road
1732,one best,op
1733,one best friends,opening
1809,partner hinge,payer
1369,lendroit,lien
2629,think really,time day
662,descend,didnt
3,13e,absolutely
1014,galère,gauche
1672,new year,noise
1435,london one,lors
601,cruel,dailleurs
1929,plenty,pognés porte escaliers
412,chapeau,ciel
900,fallait,fasse
1563,merde,milk
2769,unreasonable,upvote
463,clichy,come
2594,tbh,thames
18,22,actually
2874,wants change,way
1202,importe,indoor
1709,ny queux,oh
2094,queux,racist
2273,sainsbury,santé
2525,stuff alone,suggest
1607,monday,move around
2744,typically,unable sell
991,francophone,fuck
2464,spectacle,stamp
2123,rare,really
2668,touriste,tous jours
1710,oakville,oil
1267,jaurais,jew
2041,propriétaires,public transit
2568,svp,tant
2177,remote,rent control
1291,jusquà,keep
359,card,certaines
396,cest vraiment,chez
2698,transport commun,trigger
1209,includes,infrastructure
543,contract,copper
2964,years still,year still
77,allée,anglophones
8,20 ans,accord
921,feds,feu
587,courir,currently
2476,stamp,stayed
2477,stamp duty,steal
12,2019,across street
626,dating still,dehors
1480,lépoque,make lot sense
2408,sleep,soirées
1977,potentially,prend
798,electric,end actually
1013,furnace,gas
910,faster,fed
489,commencé,complex
461,clear,colourful
1356,leak,less
1358,learn french,let
1594,miserable,money would
2623,thin,ticket pay
2,1200,absolument
2500,stock,stretch
1687,nom,notice
2282,sans nom,sausage
151,arriver,attract
186,auto,baby
478,colleges,communal
658,derniers,devraient
2042,protection,public transit system
1935,plus tard,politician
2946,would happen,wow
2877,watched,way many
184,aussi plus,b
2312,second home,secure
2910,wimbledon,windshield
185,authority,ba
2671,tourner droite,tous pognés porte
2672,tourner gauche,tout
2184,rendus,repeat
840,espace,even half
56,additional,also
1536,meal deal,mental
1386,life easier,limpression
1497,make life easier,mar
628,dautres,deliver
1175,ici,image
1902,pissent,planning
22,30 day,additional
1481,lété,make sense
663,described,die
1544,mecs,message
194,autre mec,ban
1348,laval,least
91,always go,anytime
850,even half,everyone else
1555,meme,midnight
1174,hydrant,im gon na
1084,grosses,grow montreal
886,face face,fais
1056,go onto,good
2751,ultra,uni
1474,lunches,make effort learn
2552,supermarket,system
10,2017,acheter
2875,washing,way control
2936,works,would great
2157,refaire,relativement
210,back waterloo,bed
2232,right privacy,robinson
2965,yesterday,yellow
1941,poche,pop
939,fils,fix
314,broke ground,buy land
315,broke ground new,buyer
1086,ground new,guess
830,entendre,especially
790,effet,emergency
2510,strange,style
305,brands,bunch
594,crap,cycling
918,façon,femmes
1436,london people,lose
773,déçu,economy
1383,libanais,like year
1167,house prices,ideal
2080,quel,question post
2496,still going,strategy
1371,less money,ligne
2108,rails,rapport
2338,semelles,sensible
2710,trottoirs,truly
1913,place get,plenty
1299,kept going,kind
1793,parked cars,pass
1274,jeune,jolie
2291,saunders,say see
2996,étudiants,étudiants
2158,reforms,release
1519,marché,meant
2314,secondes,see
1517,marchands,meal deal
545,contractor,corner
176,attraction,avis
811,endroit sympa,english school
2559,sure still,table
1200,implement,indeed
2302,scene,screen
654,dents,devait être
1302,kid french,know article
2247,roof,ruin
2292,sausage,say upset
2508,story,stuff alone
1018,garage,generation
752,dump,découvrir
868,example,experience daily
1705,nowhere near,officer
1309,know exactly,laisser
855,every night,eviction
1595,missed,month
1403,line ups,live work
845,estimated,every
1714,oct,one bed
849,even close,everyone
2725,très bas,turn light
1130,help also,high price
1245,investment,itll
1815,passent,pendant
2516,stretches,subredditmessagecomposetorlondon question concern
1954,polls,possibly
963,fois rer,foreigner
2008,prevent,problem even
2714,trouvé,très agréable
523,conducteur,contract
1541,measures,merci
2580,taille,temp réel
1956,ponts,post upvote
688,director,doi
1903,pisser,plant
960,fluent,ford
2019,private school,projets
574,could see,covid
979,forget,frankly time
2054,public transit system,put
1211,inconnus,insane
34,abandoned,agree
165,assets,automatiquement
2357,seulement,shirt
2168,related,remove
1351,lawn,leave home
229,beaucoup monde,bien
2127,rather spend,really feel
851,even less,everything
1639,mutual,nearly year
1817,passerelle,pense
1797,parlant,passerelle
2519,strongly,subway
408,change,chose
676,devraient,discretion
1774,palestinian,parking
754,dun coup,déjà
1652,navoir,never stop
1092,guessing,générale
1683,nimporte,normal
2035,proof,près
1858,permanente,peu
1843,people know,permettent
506,complet,connect
1184,im gonna,immédiatement après avoir
2400,sink,smart
363,carrefour,cest juste
241,behave,bin
405,champs,choice
2612,thanks,think really
93,amazon,apart
2988,ça reste,ça reste
1231,instead,intérim
2087,quelques années,quoi
1968,possibilité,pouvait
1644,na rien,need get
1516,marchait,meal
1651,navigo,never see
2473,stack,station
258,big cities,boat
2419,sociaux,something
869,example house,expert
641,defense,derniers
2675,tous gens,tout monde derrière
2416,snow,someone
1382,liaison,like well
863,eviction,exemple
486,comme sils,complain
1608,mondays,move berlin
2332,selon,sen
2201,rescue,responsibility
2079,quebecois,question concern
1532,max,member
457,class,collapse
2931,work around,worth
1655,necessarily,new ontario
456,clapham,cold
2860,wait,wallet
2640,time,told
2018,private english,projet
2753,unable sell,union
758,dure,dépend
1244,investigation,item
1881,peuvent,pin
435,choqué,classique
2364,sherbrooke,shortage
1991,praying,previous
1258,jadore,jaurais
1633,much better,native speaker
2610,test,think city
1676,next door,non plus
1681,night,nont jamais
2587,target,tends
1134,heure,highway
1135,heure pointe,hill
181,auprès,aware
907,fancy,favour
42,accused,album
1347,lavait,lease
2438,sorry,space
1285,jours,juste
440,ciel,cliché
995,french school,fully
2506,store,student speak
438,christmas,clearly
1745,ontario line,oui
1040,get involved,girl
692,discuter,donate
1596,mississauga,month later
1548,meet someone,metrolinx
1591,minute appointment,monde derrière sarrête
1077,granted,gros
502,compatis,condo
320,budget,call
2846,voyage,vécu
638,decisionmaking,depends
2165,regardé,reminder like
1668,never used,nimby
2806,verdure,veut dire
1016,gang,gen
2721,trying,ttc go
653,density,devait
755,dundas,démarre
1115,hauteur,heat
2862,waiting list,want
2539,success,sure still
928,feeling,find one
1837,pensais,perform automatically please
671,devait être,dire
1629,moving berlin,nai vu
1377,levée,like image
2664,toujours prendre,tourner droite
2339,sen,sentence
220,banlieues,believe
2892,welcome,western
2512,stream,subreddit bot
1420,lived london,long
1690,non plus,nowhere near
1670,new ontario,niveau
2593,taxpayers,text
2618,theres definitely,threw
1316,laisse,language
103,anglophones,apply
183,aussi paris,away house
2493,sticking,straight
2412,smaller,solution housing
2572,system better,taxi
2696,transit system better,tree
1864,personal,peux
37,absolutely,ah
2279,sandwich,sauf
1937,plus être,pont
2039,proposal,public
2111,raises,rassurant
767,déménager,east
768,déménager paris,eastern
1889,pic,piste cyclables
2030,profile,provide
350,campagne,caught
274,blast,bought
1059,gone,good job
2891,weird,west end
2033,projet,provincial
2855,véhicule,wait year
1102,habitent,hard
2561,surprising,taille
199,aveugle,barking
317,brossard,cab
1808,partner,pay landlord
477,collectifs,commun
2727,très calme,twenty
650,democracy,despite
817,enfin plus,ensuite
2794,vacant,value rent
117,anytime,arent
217,bande,behavior
215,bakery,begin
888,facilement,fait
2750,ukrainian,unfortunately
2588,targeted,tentent
2937,world class,would happen
2634,threat,tiny
2673,tours,tout ca
544,contract secret,copper branch
2199,requiring,respond
1123,hearing,heure pointe
757,dur,déménager paris
1637,must,near
1828,pay 100,people take
1397,like someone,little bit
1330,larrêt,latin
67,aiment,ambitieux
2722,trying get,tube
1663,neighbours,next time
1155,homeowners,house
462,clearly,combien
1782,parce gens,part time
595,create,cyclist
1193,immigrants,impression
2448,south shore,special
142,area london,assume
643,definitely check,derrière sarrête
418,chauffage,city current
522,conduct,continue
1979,poubelle,prendre rer
744,driven,dundas
1201,implies,independent
1156,homes,house building
1583,milliers,moderator subredditmessagecomposetorlondon question
345,calm,cat
2156,reduced,relatively
1740,one yet,original
2140,really care,reduces
1450,lopéra,luck french
326,builds,campaign
2371,shops,shrug
683,différents,document
836,entreprises,estimate million
1850,per month,personally
2346,seoul,settle
2261,réagir,safest
1338,latest,lavenue
1428,lockdown,lont
1981,pourrais,prends
221,barking,belle
328,bullshit,canadian
1743,online dating,otherwise
2065,pushes,quatre
1329,largement,lately
1492,majority,manager
5,170,absolutely nothing
334,businesses,car
1731,one bed flat,ontario place
387,certaines personnes,chat
2495,still functional,stranger
1441,longtemps,loudly
2295,savent,scare
1762,ouvertes,pantin
1807,partir,pay
420,checking,city need
1293,justeat,kept go
1069,gotta,grandes
2058,punaises,quality
2059,punaises lit,quality go
2703,travel,trouve
1694,nont,oakville
1695,nont jamais,obligation
1534,mcdonald,meme
2378,shouting,sign
2407,sièges,soir
1737,one thing,order something
119,apart,argument
2329,self,semble être
2742,two years,ultra
1150,historique,hope help
699,doesnt care,dont know
1039,get home,get top subreddit
536,construit,convert
917,favourite,femme
2499,still think,streetcar
2912,window,winnipeg
1449,loop,luck
2905,whole,wild
2976,youre going,youre
261,bike lanes,bondé
1984,poussé,pression
2115,rame bondée,read
1266,japon,jeunes
787,educational,elles
2518,stronger,suburb
770,déplacer,easy find
977,foreigner,franchement
2430,somehow,sound
1153,hole,host
2984,ça fait,ça fait
2402,sinstalle,snow
100,américain,appartement
2827,villette,visiter
1735,one sided,option
2389,sided,sinstalle
2948,would make,wtf
2729,tt,two
700,doesnt matter,dont know would
579,council tax,crime
1861,permettent,peut être
504,competition,conducteur
789,effectively,elsewhere
722,dont remember,downvoting image best
352,canadian,ceci
2124,rarely,really bad
1222,informed,insurance
339,buy land,carrés
1456,lot sense,lève yeux
1501,makes lot,marché
1502,makes lot sense,market
621,date someone,deck
2895,went date,whatsapp
1282,jolie,jump
584,country ive,crowd
2704,travers,trouve ça
883,extreme,faire
958,flats,force
1484,magasin,make thing
567,cost savings,coupe
791,efficiency,emotional
1478,lève yeux,make life easy
681,different way,dit
1540,meant,menu
617,dame,decade
919,fed,festival
124,appart,arrivant
1598,mixte,montrealers
824,enjoy drink,entre deux
429,chiens,claim
1986,pouvait,pret
1419,lived,london people
945,fine,fluent
2442,soudainement,speak
1288,july,jy
818,engage,entendre
1550,meeting people,mettre
2614,theater,thought
1226,insane dont,international company
1682,nimbys,nord
1037,get drunk,get rid
336,butchers,care think
131,appreciate,artiste
1093,gueule,ha
807,emsb,engage
822,english school,entity
1784,parent,particulier
2305,school canada,sdf
2748,ugly,underwhelming
2396,simplement,sleep
2945,would great,wouldnt
2170,relativement,rend
1343,launch,leadership
2048,près,punishment
1955,pont,post
2076,quartiers,quelques mois
1671,new tenant,nobody
831,entertaining,essentially
1401,limpression,live london
2390,sides,sit
23,30day,ado
2427,solution housing,sortir
2337,semblent,sense entitlement
1892,pickering,place
2919,wish,witness
829,ensuite,espace
1894,picnic,place bloquant porte
1487,maintenance,male
401,cette semaine,chiens
1722,officially,one thing
2206,resource,resto
2804,vendredi,vert
527,consent,contre
170,asylum,autres
171,asylum seekers,available
2322,seekers,selection
616,dailleurs,deal
1542,meats,merde
149,arrivant,attendre
591,cover,cyclable
2563,surrounding areas,take chance
2611,thames,think get
1761,outside,panneaux
955,fix,food waste
708,donc moins,dont want
2916,winnipeg,within
2060,punishments,qualité
1389,ligne cest,link
1759,oublié,pandemic
450,civilian,club
540,contemporary,cool
1015,game,gaza
659,derrière,devrait
2872,wanting,water
952,first time buyers,fonction
2641,time buyers,toll
2341,send message,september
2372,shore,si
2819,vie sociale,view
2619,theres many,thrive
976,ford office,france
415,charger,city
2275,sais si,sarrête place
697,document,dont
2143,really looking,reflect
1432,loisir,loose
1993,première,price inflation
2308,screwed,second language
422,chemins,city well
175,attract,avion
1734,one date,opinion
484,comme dhabitude,compatis
677,dhabitude,discuss
1666,never big,nicer
1980,pourquoi,prendre ticket
1636,music,navoir
1642,métros,need
2266,réseau,salaire
2677,tous métros,tout ça
68,ainsi,american
2940,worst,would move
1580,mild,mobile
2693,tram,travail
94,ambitieux,apartment
53,actually,alors
299,boulangerie,budget
1564,mess,milliers
1075,grandes tours,greet
1475,luxe,make end
2878,water,wealthy
639,deck,depuis
2803,vehicles,version
200,avion,base
357,capable,central london
40,academy,ainsi
1220,inform,instruction
1198,imo,increase
1011,funds,gare
2139,really bad,reduce
167,association,autour
1680,nicer,nont
2221,rev,rien
2204,residential,reste
1240,interracially,israel
2447,south london,speaks
1242,intérim,issue first
2061,punks,quand
2797,value rent,vehicle
1227,inside,international student
878,expensive,facilement
1674,next,nombre
933,festival hall,first
2252,royal festival,réel
2253,royal festival hall,région
2216,result,rice
930,feels like,fine
227,beaucoup beaucoup,best way
549,contre porte,cost saving
2234,rire,role
1318,lake,laquelle
966,fonction,forgot
2538,subway system,sure people
812,endroits,enjoy
2251,royal,récemment
1802,part time,past
1588,minimum wage,monday
2454,speak,spending
230,beaucoup plus,bien plus
1499,make things,marchands
1253,items,jaime
2193,repair,rescue
1819,passé,people
2091,question post,race
2096,quiet,rail
2428,solve,soucis
1140,hi,history
1300,keys,kind respectful
1349,lavenue,leau
2245,romantic,rubbish
950,first thing,folk
72,allen,amount time
403,ceuxci,childcare
625,dating apps,definitely check
1207,include,information
471,clothes,commencé
1218,infestation,installer
1546,medication,meter
2000,prennent,private english
913,faut plus,feed get
2276,salaire,sarrête place bloquant
2215,restos,reçu
2083,quelles,quiet
1340,laugh,laéroport
1149,hired,hope
1236,interesting,investor
2724,très agréable,turn
2849,vraiment très,vêtements
2850,vraiment très agréable,wage
289,bonne partie,british
2514,streetcar,subredditmessagecomposetorlondon
358,capitalism,certain
473,coat,commentaires
2625,thing london,tight
399,cet endroit,chief
74,allow,andor
582,counter,crosstown
348,came,catherine
1514,many people,may
268,birds,bord
2112,raison,rather
1947,pointless,porte lhomme sarrête
1332,last two,laughable
1333,last two years,launch
987,fout,friday
1041,get know,girlfriend
2172,religion,rendre
1860,permettant,peut acheter
9,2015,accuse
994,french classes,full
1628,moved,nai
2426,solution,sortie
2331,selling,semelles
1063,google,gosse
999,fried,fund
323,build,camden
1113,hate,heard
2666,tour eiffel,tous
2244,rolls,royal festival hall
248,berlin,blast
1859,permet,peut
1749,opinion,overseas
2662,touche,touristes
1111,hard think,healthy
2002,pression,prix
1779,pantin,parlent
2239,roads,room
2478,stand outside,stick
451,civilian workers,co
528,consequences,contre porte
2181,rendezvous,rentre
615,dacheter,deadline
2028,product,propriétaires
38,absolutely fantastic,aide
1472,lumière,make
2989,ça sest,ça sest
2134,real world,recommande
1983,pousse,present
2871,want take,watch
1078,gratuit,gross
2186,rent control,reply
1127,hein,heureux
2013,priorité,product
715,dont know would,downtown
1311,know would,lakeview
2385,si tas,since
1279,jo,jsuis
224,basically,besoin
66,aide,amazon
572,could easily,cover
1065,gosse,gouvernement
87,also live,anymore
796,elected,encore
2902,whereas,wide
32,80,agent
2482,start,still get
762,déclaratif,déçu
547,contrairement,cost
2544,suggesting,surtout
287,bonjour,brings
126,appliances,arrivé
857,everyday,exact
267,bills,boot
2817,victoria,vient
2622,thieves,ticket
138,après avoir,asset
2726,très bon,tv
2367,shock,shout
2240,robe,round
576,could take,crap
839,escaliers,even close
1610,monde derrière,move upvoting downvoting
2497,still large,stream
2119,range,real estate
819,england,entertain
2009,previous,problème
2757,underwhelming,universitaire
1290,jusquau,k
1574,middle street,minute appointment
1265,jane,jeune
2406,siècle,society
2697,transparency,trend
1614,money would,much cant
2012,principalement,produce
1713,occupancy,one
1417,live near,london
846,eta,every night
618,dangereux,decent
606,cut,date apps
2271,sagit,sans doute
678,diapers,discuter
2461,special,staff
961,focused,ford government
1625,move around,métro ligne
1641,métro ligne,necessity
1839,pensé,period
876,expected,face face
1328,larchitecture,late night
1257,ive looking,japon
2596,tel,thats
1054,globalement,go say
1396,like shit,little
2049,prévu,punk
31,75,age
563,correspondre,count
1455,lot,lève
2417,social services,someone else
2830,visa,vivre
968,food waste,formula
256,bien plus,blue
698,doesnt,dont get
2160,regard,religion
1099,ha,hamas
600,crottes,dad
1398,liked,littéralement
541,continual,cop
337,butts,careful
164,assessment,automatically please contact
793,effort learn,employment
996,french though,fun
1780,parc,parler
1344,launched,leak
448,cité,closing
449,cité universitaire,clothes
2765,universitaire,upon
99,amount money,appart
1999,prends,private
172,attacks,avant
1334,last year,laurent
96,americans,apologise
228,beaucoup commentaires,best way control
1408,lintersection,local
2105,rachel,range
1365,leave island,liaison
2511,strangers,subreddit
1495,make feel,many people
2131,ready,reasonable
1622,moral,musée
247,benefits,blame
783,easy fix,elect
983,forum,french class
70,alcoolisé,amount
2315,seconds,see feed
2876,waste,way control see
864,exacerbated,exhibit
1412,literally,logement
1835,penalties,perform
901,fallu,faster
472,club,comment
2732,tubes,two subway line
1619,montrer,museum
1957,pool,post upvote show
2592,taxi,test
833,entitlement,estate
2344,sense entitlement,servent
330,burger,cant
2366,shitty,shoulder
690,disappointed,doit être
1176,id,image appreciate
1055,go anywhere,go walk
949,first,fois rer
2657,topic,toujours prendre
1230,installer,introduce
1005,fuck people,gang
476,cold,common
2071,quality went,quelles
1444,lont,love dont like
1997,prendre rer,prise
1529,mature,meeting people
2132,real,recent
498,compagnie,concert
2324,seemed,sell
577,couler,create
998,friday,functional
278,blood,box
2196,representatives,residential
2458,speaking english,st laurent
2620,theyll,throw
29,5g,affordable
249,besoin,blind
2397,simply,slightly
1032,german,get involve
748,drug,duty
2480,star,still drive
409,changed,choses
1109,happening,head
911,fault,federal
1027,gaza,get bus
2125,rassurant,really care
1560,mentioned,mild
759,duty,déplacer
1066,got,government
1770,packed,parisien
2192,rents,rer b
1243,investigate,italian
367,carton,cest tellement
852,evening,everytime
559,copine,couler
1007,fucking,garage
2958,yall,year history
590,court,cut
1715,october,one bed flat
89,although,anything
434,choix,classic
2887,weekend,welcome
555,convinced,could make
2293,savais,say yes
526,connection,contrairement
2556,sure,sérieusement
1100,habitants,hang
340,buyers,carte
2638,tight,toilette
2047,proximité,punaises lit
2752,unable,uniform
2684,tout suite,transfer
1511,manager,mauvaise
1923,plays,plusieurs
1126,heating,heureusement
2562,surrounding,take
1638,musée,nearly
2701,traumatisme,trop
45,across street,allen
90,always,anything serious
2001,present,private school
198,average,banlieues
646,delighted,describe
2153,record,regularly
2317,secteur,see rent
2994,électrique,électrique
130,appointments,article
802,emergency,endroits
2643,timeline,tool
1775,paname,parking garage
1554,membre,midi
1353,laéroport,left
1888,physique,piste cyclable
439,church,clichy
26,40,advice
380,celui,chance
1699,notamment,october
719,dont make,downvote move upvoting
611,cyclistes,dautres
417,chat,city councillor
1204,impossible get,inflate
1205,impossible get appointment,info
1002,friends family,furnace
781,easy,eglinton
2978,zone,zone
565,cost,country ive
1646,nai vu,neighborhood
1301,kid,know
838,environment,even
2484,starting get,still large
2319,see,seem
1875,petty,picnic
1857,period,petty
1254,itll,jaime beaucoup
2313,second language,security
1765,owned,parce gen
1469,ltb,major
895,fais,famille
2384,si moyens,simply
1042,get one,give
114,anyone,area
1177,idea,image appreciate post
848,even better,everyday
1597,mixed,montreal
421,chemin,city toronto
932,femmes,finit
327,built,canada
1067,got one,grand
778,easier,efficiency
2796,valises,vegan
1125,heat pumps,heures pointe
2057,pumps,quai
122,apologised,around world
493,common,comprends
2886,week,weird thing
619,dangerous,decide
1950,policies,pose
2081,quel point,queux
104,animaux,appointment
2203,resident,restaurant
1164,hours,ici
771,désolé,easy fix
2443,sound,speak english
814,energy,enjoyment
1579,mike,mixte
2609,terrible,think
2014,pris,profile
265,billets,bonne partie
2537,subway lines,sure could
1545,medical,met
1159,hope,housing
394,cest tellement,cher
2343,sense,seriously
2921,within walking,woman usually
2922,within walking distance,wonder
2628,think,time buyer
2735,turning,typically
2455,speak english,spent
914,faute,feed get top
2403,sit,social service
2355,seul,shelter
766,démarre,earth
1079,green,ground
202,avoid,beau
2599,température,therapy
956,flag,foot
378,causing,champ
1582,milk,moderator subredditmessagecomposetorlondon
1138,heureusement,hire
1137,heures pointe,hippy
290,books,brixton
1720,officers,one side
2773,ups,upvotedownvote reminder
1325,language,last two year
2435,sometimes,south shore
2786,use,va bien
2654,top,totally
1730,one bed,ontario line
1235,interest,investment
2003,pressure,prix location
235,bed bug,big thing london
321,bug,calm
2829,vis,vivant
2334,semaines,send message
1975,pote,première
1215,indeed,instagram
2811,veut,victim
2152,recommended,regret
2425,solidarity,sorry
2997,évite,évite
2899,weve,white
2220,return,ridiculously
893,faire ça,fallu
179,aucun,avoir passé
2107,racist,rapidement
302,branch,build
561,copper branch,council tax
2188,renters,representative
492,committee,comprendre
234,bed,big thing
414,charge,citizen
2974,young,youll fine
36,absolument,agréable
578,council,credit
222,bas,benefit
889,fact,faites
740,drapeau,due
1982,pourrait,prennent
1458,loud,lépoque
136,apps,ask question
2189,renting,request
2914,windshield,wise
98,amount,app
2953,wouldnt,yeah
118,anywhere,argue
107,année,appreciate post upvote
264,billet,bonne
1586,mini,mois
2382,showing,similar
988,frais,friend
1350,law,leave
1798,parle,passport
2327,seen,semaines
2509,straight,stupid
1921,play,plus vite
2649,toilettes,toronto get
689,dis,doit
602,current,dame
706,dollar,dont really
1846,people use,permit
792,effort,employee
1886,photo,pisser
2507,stores,study
2466,spend,stand
675,devoir,discourage
322,buggers,calme
2944,would go,would wait
1803,particulier,pastry
1549,meeting,mettent
1036,get around,get people
2463,specifically,stage
1869,peter,physique
2505,stopped,student
2129,read,really look
531,considered,control see
2522,students speak,success
501,compared,condition
1551,meilleure,mi
605,customers,date
2577,sûrement,tell
854,every,evict
1385,license,limit
2194,repeat,reserve
655,depends,devant
2299,saying,school canada
55,add,already
774,dêtre,educational
1571,mettent,minor
168,assume,autre
313,broke,buy house
2935,working,would go
1573,middle,minute
207,away,beaucoup plus
191,automobilistes,bag
1180,idk,immeuble
1491,major,management
2144,reason,reform
2898,western,whether
2102,quun,ramq
1773,palestine,park car
1143,highly,holder
1049,girlfriend,go back
1685,nobody,notamment
2833,vite,voir
2917,winter,within walk
2122,rapport,reality
1183,im going,immédiatement après
535,construire,conversation
291,boost,broke
2348,serious,seule
1831,pays,per cent
2010,price,problèmes
557,cool,could still
319,brûler,café
739,dramatic,dude
2433,something,south
1823,path,people get
1634,much higher,nature
101,andor,appliance
2951,would recommend,ya
1558,mental health,might get
163,asked,automatically please
1095,guys,habite
2190,rentre,require
84,already done,another
1451,lorimier,lumière
1758,otherwise,paname
693,disgusting,donc
627,dautre,delighted
11,2018,across
1400,limit,live close
2363,shelters,short term
823,enjoy,entre
788,effective,else
1467,low,mairie
2294,save,scar
1539,means,mention
1704,nowhere,office
1324,lanes,last two
2359,sex,shitty
1678,ni,none
2472,stability,statement
2005,pretend,probably
1168,houses,idk
637,decided,dent
494,commun,compte
1772,palais,parisiens
364,carrés,cest peu
2820,viennent,village
1697,normal,occupancy
1948,points,porte tout
1310,know probably,lake
2489,status,stood
2890,weight,west
2281,sans doute,saunders
2838,voie,vouloir
1097,général,half
2257,ruined,réussi
769,dépend,easy
610,cycling,dautre
786,economy,eligible
859,everything,exactly
2967,yet another,yet
2836,voice,vont
1891,picked,piétons
169,assuming,autre mec
951,first time,follow year
2492,stick,story
2007,pretty good,problem
2262,récemment,sagit
1256,ive got,jane
27,40s,affaire
2826,villes,visiblement
1275,jeunes,jour
632,dead,demandé
1287,judge,justement
2687,toutes,transit system well
1995,prend,priorité
1623,mostly,mutual
730,doute,drinking
1313,knows,landlord
1822,past,people dont
2868,wallet,wash
1874,pets,pickering
373,catherine,cette
2904,white,wife
102,anglo,application
1559,mentally,mike
437,choses,clear
2959,yeah,year later
710,done,double
1050,give,go buy
2772,upon,upvotedownvote
2214,resto,reverse
318,brought,cafe
2774,upset,upvotedownvote reminder like
1355,leadership,lendroit
1179,idiots,image best way
62,afterwards,although
366,carte,cest plus
1659,need get,news
2411,small,solution
2608,terms,thing year
2046,provincial,punaises
581,count,crois
922,fee,fight
1599,mobile,montrer
2330,sell,semblent
2113,ramasser,rather spend
2148,recent,regarde
797,election,end
2707,tried,truc
1706,number,official
2600,ten,theyll
59,advice,also live
2747,uber,understood
1089,growing,guy
2560,surprise,tag
15,2022,action perform
331,bus,cap
2409,sleeping,sol
426,chicken,cité universitaire
680,difference,display
385,certain,charge
1890,pick,piéton
2110,raised,rarely
2621,theyve,tick
2015,prise,profit
469,closest,comme ça
1010,funding,gardiner
1119,health,hein
997,fresh,function
404,chains,chinois
879,experience,fact
208,babies,beautiful
1766,owner,pareil
2601,tenant,theyre
1783,pareil,participate
61,afford,alternative
2345,sentence,sest
1988,poverty,pretty
553,convenience,could easily
1025,gas,get around
2583,talked,ten
1342,laughed,leader
920,federal,festival hall
1452,lors,lunch
1410,lists,lockdown
2639,till,tokyo
121,apartments,around time
1904,piste,plat
2235,rise,roll
1862,permission,peutêtre
2676,tous jours,tout suite
2490,stay,stop
938,filming,fit
2828,virage,vite
113,anymore,arbres
2943,would allow,would recommend
1906,pistes,platform
63,ago,always
2491,stayed,store
78,almost,animal
1454,lost,là
634,decades,den
612,cyclists,davoir
2248,room,rule
2222,revenue,right
50,actions,almost year
2429,solve housing,soudainement
1970,possibly,poverty
1012,funny,gare nord
242,behavior,bird
1098,générale,hall
1280,join,judge
2373,short,si groupe
1557,mental,might
1376,level,like downvote move
832,entire,establish
4,17,absolutely fantastic
2316,secret,see feed get
2550,summer,swap
2542,suggest,surround
1764,overseas,parce
705,doit être,dont need
160,asian,authority
1270,jean,jimagine
2405,size,sociaux
2223,reverse,right person
1883,philosophy,pire
1717,odds,one best friend
1116,havent,heat pump
343,café,case open
623,dates,defense
1073,grande,green
377,caused,chain
19,25,actually responsible
904,famille,faut plus
1160,hope helps,housing crisis
349,cameras,catholic
972,force,fou
82,alot,année
2982,ça doit être,ça doit être
2920,within,woman
2845,vouloir,vue
2120,rapide,real world
882,extra,fair
2090,question,québec
2354,setting,shelf
2913,windows,winter
1739,one year,organize
2225,rice,right side
2347,september,seul
1438,long term,lot sense
1375,leurs,like downvote
1834,pedestrians,perfect
2485,state,still living
1158,honnêtement,house price
1321,landlord,largement
2303,schedule,screw
1162,hospital,however
525,connect,contractor
2535,suburbs,support
1251,issue,jai réussi
1524,match,medical
1453,losing,luxe
515,concerned,consultation
419,cheap,city go
505,complain,connais
780,eastern,effort learn
1212,increase,insane dont
1482,mad,make sick
1479,lécole,make lot
14,2021,action
2573,système,taxpayer
223,based,berlin
566,cost living,coup
1091,guess,général
521,condos,continual
144,argue,asylum seeker
1748,opening,overnight
147,around time,attend
1031,genuinely,get home
1814,passed,penalty
2554,supporter,système
1590,mins,monde derrière
150,arrived,attention
1771,page,parisienne
2718,truly,très fort
2387,si veux,sink
702,dogs,dont like downvote
971,football,forward
1286,jsuis,justeat
2311,season,secteur
60,advise,also need
916,favour,feel like
604,customer,dangerous
2169,relatively,rempli
2858,wage,walk distance
592,coverage,cyclables
1033,gestion,get know
984,forward,french school
2284,sarrête,savais
775,dû,effective
64,agree,always go
1959,pop,potential
487,comme ça,complet
2736,tv,téléphone
2498,still living,street
986,found,fresh
2928,wont anything,worker
1503,making,markham
2816,victims,viens
2250,route,réagir
1538,mean,mentally
2420,society,something like
143,arent,asylum
465,clients,comme
2270,safest,sans
806,empty,enfin plus
1523,massive,mecs
642,definitely,derrière
2740,two subway,uk
1616,months,much well
127,applied,arrondissement
696,doctors,donne
173,attendre,average
460,classique,collègues
2095,quick,radio
2451,space,spectacle
2050,pu,purchase
2130,reading,reason
2565,surtout quand,take picture
1339,latin,lawn
2391,signale,situation well
25,35,advantage
2906,wide,willing
2652,tone,tory
332,buses,capable
2243,roll,royal festival
2155,red,relationship
2296,savings,scene
2867,wall,war
1194,immigration,include
1368,legal,license
858,everyone,exactement
1145,highway,home
1208,included,infraction
2179,removed,rental
887,facile,faisable
629,davoir,demand
407,chances,choqué
575,could still,covid get
2513,street,subreddit bot action
718,dont live,downvote move
1763,overnight,parc
1181,ill,immigration
1214,increases,insist
376,cause,ceuxci
1129,help,hi dont
1112,harm,hear
6,1h,academy
2422,soirées,somewhere
1747,open,ouvertes
2109,rain,rare
947,finger,focus
1711,obligation,okay
1525,matches,medication
35,able,agreement
2949,would need,wwii
2025,problèmes,property
2545,suggestions,surtout quand
664,design,difference
243,behaviour,birth
1498,make sure,marchait
106,annoying,appreciate post
2651,told,torontonians
1121,hear,help also
2631,thinks,time year ago
128,apply,arrêter
2929,word,world class
1448,looks,ltb
751,due,déclaratif
2163,regardless,remain
1725,oil,one yet
1791,park,party
570,could also,cours
867,exactly,experience
2467,spending,stand outside
873,exist,extra
2037,properly,pu
196,available,bank
2915,wine,wish
1327,laquelle,late
899,fall,fancy
2553,supply,system well
1677,next time,non seulement
0,10 ans,abandon
1738,one wants,organization
2398,since,slippery
2307,scooter,second home
720,dont need,downvoting
2834,vivant,vois
2863,walk,want change
865,exact,expand
2739,two people,ugly
2146,receive,regard
244,behind,bit
1700,nothing,odd
631,days,demander
750,dude,début
1785,parents,particulièrement
2708,trip,truck
2605,tends,thing
148,around world,attend english
2970,york,yonge
233,becoming,big city
533,constant,convenience
2456,speak french,sport
111,answer,après avoir
2810,vert,vibe
361,careful,certains
1373,lets,ligne plus
1675,next day,non
1172,however,im go
301,box,bugger
903,families,faut
2691,trains,transportation
2792,usual,valise
2661,totally,touriste
2515,streets,subredditmessagecomposetorlondon question
69,alberta,amis
1064,google maps,goth
406,chance,choix
1440,longer,louder
2067,putting,quebecois
2900,whatever,whole
1792,parked,pas
2062,purchase,quarter
2365,shit,shot
596,credit,cyclistes
1897,pieds,place like
2242,rock,royal
1124,heat,heures
2606,term,thing change
885,face,fairly
558,cop,could take
362,cares,cest
341,ca,carton
2938,worry,would like
674,developments,disappointed
856,every time,exacerbate
593,covid,cycle
1719,office,one date
397,cest ça,chicken
894,fairly,false
800,else,endroit
1887,physical,piste
2644,times,top
1645,nai,negative
532,considering,control see feed
842,essentially,even start
2173,religious,rendu
721,dont really,downvoting image
21,30,addict
2085,quelque chose,quils
847,even,every time
2569,swap,tard
2962,years ago,year old
946,fines,flyer
1918,planned,plus loin
691,discourage,dollar
2883,way many,week week
825,enjoying,entreprises
609,cycle,date still
1589,minority,monde
2527,style,suite
519,conditions,contact moderator subredditmessagecomposetorlondon
1825,patient,people live
1510,management,mature
2520,structures,subway line
1213,increased,inside
496,community,concern
870,except,explain
2350,serve,severe
28,45,afford
1406,linked,load
937,film,fish
2524,studies,suffit
586,couple,current
1581,milieu,moderator
1442,longue,love
2336,semble être,sense
2645,tinder,top subreddit
1741,ones,others
513,compte,construire
1905,piste cyclable,plateau
747,droite,dure
2368,shocked,show
238,beef,bike path
1331,last,laugh
490,comment,complicate
2933,worker,would
1915,places,plus
649,demandé,desperate
1490,maisons,manage
1978,pots,prendre
2897,west end,wherever
2972,youll,youd
934,feu,first thing
1437,long,lot
218,bank,behaviour
1,11pm,able
2908,wild,win
430,child,clairement
2670,tourner,tous pognés
306,break,bureau
441,circle,click
2268,sachant,salles
866,exactement,expensive
2040,propre,public school
1830,paying,per
2395,similar,skill
2745,téléphone,unacceptable
1152,holders,hospital
2410,slightly,solidarity
212,bad,bedbug
1812,pass,pedestrian
1565,message,mind
714,dont know,doute
804,employees,enfants
2688,tracks,transparency
2555,supposed,sécurité
2543,suggested,surround area
1810,partners,peace
1796,parks,passer
1107,hanging,hauteur
1341,laughable,lead
2814,via,vie sociale
560,copper,council
1192,immigrant,impossible get appointment
2452,spanish,speed
828,ensemble,escaliers
1468,loyer,maisons
1648,names,nest
777,earth,effet
2824,village,virage
1800,parler,passé porte
1847,peoples,person
1411,lit,lodeur
2889,weeks ago,well option
2526,stupid,suggestion
2277,sale,sarrête tous
2627,things changed,time
1842,people city,permettant
1206,impression,inform
908,fans,favourite
266,billions,boost
325,buildings,campagne
1216,individual,instal
1856,perhaps,petits
2479,standards,still
2106,racism,rapide
2767,unless,upset
1277,jews,journée
583,countries,crottes
776,early,effectively
2504,stop,structure
2760,uniform,unlike
657,dernier,devoir
2349,seriously,seulement
410,changer,christmas
2927,wont,work around
890,factor,faith
1430,logique,look new
1305,killed,know would
2947,would like,wrap
273,blame,bouge
1537,meals,mental health
1500,makes,marche
687,direction,dog
2052,public,purposebuilt rental
1576,midnight,miserable
2202,residence,responsible
2414,smell,solve housing
2260,runs,safely
507,complete,connection
1945,point,porte escaliers
2851,vs,wagon
1841,people also,permet
2615,theft,thread
2987,ça peut,ça peut
2578,table,tellement
2789,used live,vacant
16,2023,action perform automatically
1118,headline,heaven
2717,trucs,très calme
1723,often,one want
2790,uses,vais
2861,waiting,walmart
310,british,butcher
608,cyclables,date someone
1907,pistes cyclables,play
1427,located,longueuil
1006,fucked,gar
2226,rid,rire
518,concrete,contact moderator
1008,fun,garbage
1053,global,go onto
1418,live work,london one
644,degree,derrière sarrête tous
1752,order,package
2142,really good,refer
1509,managed,matter
620,date,decisionmaking
1656,necessity,new tenant
231,beautiful,bien ça
978,forever,francophone
585,coup,cruel
2121,rapidement,realise
459,classic,college
1229,installed,intersection
1217,indoor,installation
2360,share,shop
1404,lines,living
853,ever,everywhere
1122,heard,heure
884,eyes,faire ça
2768,unlike,upstairs
275,blind,bouillon
1131,helped,highlight
2762,unique,unused
2055,publiques,put effort
1003,fries,galère
2465,speed,stamp duty
2483,started,still go
1750,option,où
1852,perfect,personnes
13,2020,act
2812,veut dire,victoria
2991,ça veut,ça veut
2992,ça veut dire,ça veut dire
1716,odd,one best
159,asap,aussi plus
784,eating,election
2326,seems like,semaine
468,closely,comme sils
2650,tokyo,toronto make
213,bag,beef
635,decent,denis
589,courses,customer
105,announcement,appreciate
2733,turn,two year
1421,lives,long term
665,designed,different
2866,walking distance,want take
2763,unit,upbringing
369,cases,cest vraiment
1898,pilot,place live
1742,online,others say
2633,thought,tinder
79,alone,animaux
1161,hopefully,housing market
1647,name,neighbour
75,allowed,angel
1146,hill,homeowner
943,find something,flood
497,commute,concerned
1409,list,locate
2517,strict,subsidize
2369,shop,show love
2815,vibe,viennent
1352,laws,leave island
2353,set,share
944,finding,floor
959,floor,forcément
508,completed,consent
1650,nature,never big
1459,louder,lété
1533,may,membre
1132,helps,highly
161,aside,auto
7,20,accident
2481,staring,still functional
1552,meilleurs,middle
30,70s,afterwards
2954,wow,year
2029,products,protection
2342,sens,serious
1818,passport,pensé
1422,living,long terme
2182,rendre,rentrer
1951,policy,position
843,estate,even well
2133,real estate,recently
2211,restaurants,return
1721,official,one small
711,donne,doubt
481,combien,compagnie
1082,grocery,groupe
2558,sure people,sûrement
58,advantage,also go
282,blue,bread
1221,information,insult
813,ends,enjoy drink
1289,jump,jétais
2361,shared,shopper
324,building,camera
2301,scared,score
1096,gym,habitent
2227,ride,rise
2557,sure could,sûr
1317,laisser,langue
530,consider,control apartment
915,favorite,feel
1219,info,instead
246,belle,black woman
2137,reality,recover
1210,income,initiative
329,bunch,cancel
1276,jewish community,journey
1043,gets,give city
2246,rome,rue
259,bigger,bon
1698,north,oct
354,canal,celui
652,denis,deux
2646,tiny,top subreddit bot
1712,obviously,old
2233,right side,rock
2145,reasonable,refuse
1304,kijiji,know probably
1414,littéralement,loin
372,categories,cet endroit
52,actual,along
2667,tourist,tous gen
1028,generation,get call
1567,metal,mini
1885,phones,pissent
2374,short term,si moyens
1447,looking new,loyer
303,brand,built
304,brand new,bullshit
1702,notification,offender
342,cafe,case
1826,patrick,people london
1225,insane,international
467,close,comme si
17,2026,activity
2690,trained,transport commun
2551,super,sympa
1505,male,massive
1528,matter,meeting
1335,late,lautre
1829,payer,people use
1667,never seen,night
1464,loved,maintain
1142,higher,hold
1727,old,online
500,companies,concrete
269,birth,border
2236,risk,romantic
1114,haut,hearing
2228,riding,risk
1769,packages,parisian
2616,therapy,threat
2392,signs,size
239,beer,billet
245,believe,black
1845,people move,permission
216,ban,behave
2523,studied,suffer
495,communal,con
2434,something like,south london
875,expand,face
953,fish,font
2210,restaurant,retour
2290,sauf si,say
970,foot,forum
447,citywide,closest
416,charging,city city
860,everytime,example
1707,numbers,officially
1649,native,never
902,false,fault
684,digital,doesnt
2267,réussi,sale
2963,years history,year see
1402,line,live near
2358,severe,shit
877,expecting,facile
2885,wearing,weird
1433,lol,lopéra
1223,infraction,insurance plan
2503,stood,strongly
2269,safely,sandwich
123,app,arrest
1724,oh,one year
297,bouge,brought
2764,universal,update
2785,usage,va
2706,trend,trouvé
2950,would nice,x
1407,links,loblaws
2977,zero,youre go
1359,learned,leurs
384,centres,chaque
1260,jai réussi,javoue
2540,sucks,surprise
1106,hang,haut
1833,peaceful,per year
2166,regularly,reminder like image
1989,practices,pretty good
1754,organizing,page
607,cyclable,date interracially
