id,subreddit
0,London
1,Paris
2,Paris
3,Paris
4,Paris
5,Paris
6,Paris
7,London
8,Paris
9,London
10,Paris
11,London
12,London
13,Paris
14,Paris
15,Paris
16,Paris
17,Paris
18,Paris
19,Paris
20,Paris
21,Paris
22,Paris
23,Paris
24,Paris
25,London
26,Paris
27,Paris
28,Paris
29,Toronto
30,Paris
31,Paris
32,Paris
33,Paris
34,Paris
35,Paris
36,Paris
37,Paris
38,Paris
39,Paris
40,Paris
41,Paris
42,Paris
43,Paris
44,London
45,Montreal
46,Toronto
47,Paris
48,Montreal
49,London
50,London
51,Montreal
52,Montreal
53,London
54,Paris
55,Montreal
56,Toronto
57,London
58,Toronto
59,Toronto
60,London
61,London
62,Toronto
63,Paris
64,London
65,Montreal
66,London
67,Montreal
68,Toronto
69,Toronto
70,Montreal
71,Toronto
72,Montreal
73,Toronto
74,Paris
75,Paris
76,Montreal
77,Paris
78,Paris
79,London
80,Montreal
81,Toronto
82,Montreal
83,Montreal
84,Toronto
85,Montreal
86,Paris
87,Paris
88,Paris
89,Toronto
90,London
91,Paris
92,Paris
93,Montreal
94,Paris
95,Paris
96,Paris
97,Toronto
98,Montreal
99,Paris
100,London
101,Toronto
102,Toronto
103,Toronto
104,Toronto
105,Montreal
106,Montreal
107,Montreal
108,Toronto
109,Toronto
110,Montreal
111,Toronto
112,Toronto
113,Toronto
114,Toronto
115,Toronto
116,London
117,Toronto
118,Toronto
119,Montreal
120,Toronto
121,Toronto
122,Toronto
123,London
124,Toronto
125,Toronto
126,Toronto
127,Toronto
128,London
129,Toronto
130,Toronto
131,Toronto
132,Montreal
133,Toronto
134,Toronto
135,Toronto
136,Toronto
137,Toronto
138,Toronto
139,Toronto
140,Toronto
141,Toronto
142,Montreal
143,Montreal
144,Toronto
145,Toronto
146,London
147,Toronto
148,London
149,Toronto
150,Toronto
151,Toronto
152,Toronto
153,Toronto
154,Montreal
155,Toronto
156,London
157,Toronto
158,London
159,Toronto
160,Toronto
161,London
162,Toronto
163,London
164,Toronto
165,Toronto
166,Toronto
167,Toronto
168,London
169,Toronto
170,Toronto
171,London
172,Toronto
173,Toronto
174,Toronto
175,Toronto
176,Toronto
177,Toronto
178,Toronto
179,Toronto
180,Toronto
181,Toronto
182,London
183,Montreal
184,Toronto
185,Toronto
186,London
187,London
188,London
189,London
190,London
191,London
192,London
193,London
194,Toronto
195,London
196,London
197,London
198,Toronto
199,London
200,Toronto
201,London
202,London
203,Toronto
204,London
205,Toronto
206,London
207,Toronto
208,London
209,Toronto
210,London
211,London
212,London
213,Montreal
214,London
215,London
216,Toronto
217,Toronto
218,London
219,London
220,Toronto
221,London
222,London
223,London
224,Toronto
225,Toronto
226,Toronto
227,London
228,London
229,London
230,London
231,London
232,Toronto
233,Toronto
234,London
235,London
236,London
237,Toronto
238,London
239,London
240,London
241,London
242,Toronto
243,London
244,Toronto
245,London
246,Toronto
247,London
248,Toronto
249,London
250,London
251,Paris
252,Paris
253,Paris
254,Toronto
255,Paris
256,Paris
257,London
258,Paris
259,Montreal
260,Montreal
261,Paris
262,Paris
263,Paris
264,Paris
265,Paris
266,London
267,London
268,Paris
269,London
270,Toronto
271,London
272,London
273,Montreal
274,Paris
275,Paris
276,Toronto
277,Montreal
278,Paris
